{"cameraMode":{"drawMode":0,"name":"Shaded","section":"Shading Mode"},"sceneLighting":true,"audioPlay":false,"sceneViewState":{"m_AlwaysRefresh":false,"showFog":true,"showSkybox":true,"showFlares":true,"showImageEffects":true,"showParticleSystems":true,"showVisualEffectGraphs":true,"m_FxEnabled":true},"in2DMode":false,"pivot":{"x":0.06630390882492066,"y":1.080521821975708,"z":2.463252067565918},"rotation":{"x":-0.09017765522003174,"y":-0.014344094321131707,"z":0.0012987458612769843,"w":-0.9958221912384033},"size":5.514599323272705,"orthographic":false}